-1.95996094,1.97167969,0.36799121224,10.0,10.0,1.418701176,-1.257250979,27.6666666667,27.6666666667,1.60644532,1.60644532,1.3608496136,0.2178906268,0.2612158208,0.0,0.0,-1.97314454,0.0,-0.51678149668,7.0,7.0,-0.325343545714,-1.27887835429,41.5,41.5,-1.11376954,-1.10742188,-1.1774523982,-1.1349023496,-0.2715527356,0.0,0.0,-1.99902344,1.99780274,-0.2389853522,13.0,13.0,1.33834135,-1.67266376615,20.75,20.75,-1.70703125,-1.70703125,-0.5361816426,-0.2685937502,-0.3901513682,0.0,0.0,-248.85496521,249.95419312,-9.81276323716,38.0,37.0,76.9594201053,-143.063336556,6.72972972973,6.91666666667,-237.52671814,-95.38931275,-59.1398466498,24.3624424748,-14.2864120108,0.0,0.0,-249.57252503,245.7709961,-15.3008241162,37.0,36.0,67.5527143749,-132.553009911,6.91666666667,7.11428571429,-177.1450348,-143.0076294,-102.949312232,16.7670233158,9.6781683352,0.0,0.0,-249.84733582,249.84733582,-6.74558782184,30.0,29.0,80.0066150047,-101.118714958,8.58620689655,8.89285714286,119.66412354,116.42748261,17.742596169,-48.125802155,-3.3447331232,0.0,0.0
-1.98779297,1.94873047,0.22875195392,12.0,12.0,1.35188802417,-1.39200846667,22.6363636364,22.6363636364,1.40771485,1.57006836,1.191166996,-0.1207031248,0.0732958984,0.0,0.0,-1.97167969,0.0,-0.49321484572,5.0,5.0,-0.44516602,-1.198193364,62.25,62.25,-1.07836915,-1.06982422,-1.199365239,-1.1778808642,-0.0888281254,0.0,0.0,-1.9975586,1.97607422,-0.39552148564,12.0,12.0,1.27789306833,-1.68621826667,22.6363636364,22.6363636364,-1.87573243,-1.64282227,-0.5119091816,-1.3250634808,-0.1406347658,0.0,0.0,-249.95419312,249.1450348,-6.8229617006,34.0,34.0,79.7903004826,-109.761562125,7.54545454545,7.54545454545,-137.06869507,197.86259461,11.4589315798,-26.157251435,-19.4164886478,0.0,0.0,-247.90840149,249.93893433,-15.845557129,38.0,38.0,55.5954210397,-127.663318234,6.72972972973,6.72972972973,185.49618531,-217.48091126,-117.692825015,47.2577111836,-8.7926718142,0.0,0.0,-249.16030884,248.38168335,-11.5930688875,32.0,31.0,39.9921275266,-134.352622988,8.03225806452,8.3,94.48854828,64.30534363,-32.0890077676,-20.1981686402,-5.6781680298,0.0,0.0
-1.99438477,1.9897461,0.46670117348,9.0,9.0,1.45562066444,-1.27365451778,31.125,31.125,1.51147461,1.44067383,1.2345166054,0.926206058,0.172783204,0.0,0.0,-1.95483399,0.0,-0.601514651,4.0,4.0,-0.563110355,-1.1225585975,83.0,83.0,-1.3959961,-1.25903321,-1.2921533258,-1.1837011764,-0.5317187528,0.0,0.0,-1.9963379,1.99682618,-0.35814550864,13.0,13.0,1.26290189692,-1.73167067692,20.75,20.75,-1.99121094,-1.66870118,-0.9745849638,-0.0033007806,-0.8128417988,0.0,0.0,-249.89312745,249.23664856,-8.81728259324,40.0,40.0,91.9728996293,-138.193129734,6.38461538462,6.38461538462,234.29006959,139.55725098,-62.2769470232,24.8219839478,-6.6314498908,0.0,0.0,-250.04580689,249.84733582,-10.1059540562,43.0,43.0,93.8292202633,-127.728385484,5.92857142857,5.92857142857,-131.0076294,-150.51908875,-82.8268692808,29.810686951,2.4864120488,0.0,0.0,-248.83969117,250.04580689,-14.9979846119,40.0,40.0,64.1332059873,-132.266030124,6.38461538462,6.38461538462,159.70993042,148.21374512,-7.8561830142,-71.3630532856,4.2293132402,0.0,0.0
-1.99853516,1.98266602,0.44005273576,8.0,8.0,1.519622805,-0.93435669125,35.5714285714,35.5714285714,1.43725586,1.43334961,1.3038085974,0.4563378926,0.4401171888,0.0,0.0,-1.96118165,0.0,-0.61903247336,6.0,6.0,-0.380462648333,-1.297973635,49.8,49.8,-1.01147461,-1.20166016,-1.233452154,-1.256563726,-0.6051464868,0.0,0.0,-2.0,1.99365235,-0.5039199234,15.0,15.0,1.636458336,-1.506461592,17.7857142857,17.7857142857,1.89965821,-1.67480469,-1.3955126992,-0.5996826196,-0.5244042982,0.0,0.0,-249.98472596,246.79389954,-25.2458013009,42.0,42.0,61.0163583307,-141.745910285,6.07317073171,6.07317073171,-213.17556763,-180.56488038,-95.756029361,15.1377093506,-45.6106864942,0.0,0.0,-248.70228577,249.72518921,-23.159816689,36.0,35.0,44.1102636133,-158.529988373,7.11428571429,7.32352941176,-219.55725098,-152.10687256,-42.9774043664,-58.5343511976,-14.287327881,0.0,0.0,-249.92366028,248.77862549,-20.9002746282,31.0,31.0,45.1282946684,-120.081752902,8.3,8.3,129.89312745,124.24427796,9.7392375188,-119.456793826,5.2161831664,0.0,0.0
-2.0,1.96801758,0.3790693372,11.0,11.0,1.35644531636,-1.35063032909,24.9,24.9,1.4897461,1.50512696,1.3561572312,0.4197558604,0.1194335944,0.0,0.0,-1.93994141,0.0,-0.52552246324,4.0,4.0,-0.4025878925,-1.0030517625,83.0,83.0,-1.04003907,-1.04003907,-1.1878564508,-1.1193798876,-0.3203759778,0.0,0.0,-1.99487305,1.98950196,-0.29952246188,11.0,11.0,1.24793590364,-1.68197354818,24.9,24.9,-1.72314454,-1.65747071,-0.5542578142,-0.6854150414,-0.2579394538,0.0,0.0,-249.87786866,247.6335907,-1.85679405252,38.0,38.0,90.408195195,-93.2217752576,6.72972972973,6.72972972973,197.87786866,208.97709656,1.2335879506,-9.6738940436,-0.8436641696,0.0,0.0,-247.12977601,249.1450348,1.38119078072,34.0,34.0,102.836551443,-102.61607563,7.54545454545,7.54545454545,-83.35877991,171.06869507,-37.8000000008,41.0760301218,3.6299237826,0.0,0.0,-249.6335907,249.57252503,-15.9612215906,33.0,32.0,37.9074718015,-101.126908977,7.78125,8.03225806452,104.0763321,87.48091889,-36.2842753602,-40.7545042434,-2.7673283496,0.0,0.0
-1.99340821,1.98535157,0.53989648584,9.0,9.0,1.37057834667,-0.87128364,31.125,31.125,1.60473633,1.57226563,1.4326123084,0.7466503926,0.5202197282,0.0,0.0,-1.96337891,0.0,-0.58132324472,3.0,3.0,-0.64778646,-1.04939779,124.5,124.5,-1.94335938,-1.01684571,-1.125410161,-1.1778271538,-0.6033789088,0.0,0.0,-1.9987793,1.99804688,-0.39409863404,13.0,13.0,1.33268855385,-1.75531475692,20.75,20.75,-1.99023438,-1.64086915,-0.896860355,-0.5382470714,-0.5353857438,0.0,0.0,-249.38931275,249.78625489,-1.24531320196,46.0,46.0,69.6272816887,-114.81679386,5.53333333333,5.53333333333,-205.64884949,-173.16030884,-44.0656492622,64.040305177,-26.2012219246,0.0,0.0,-249.86259461,249.75572205,-6.18119073504,40.0,39.0,105.753816606,-129.772557188,6.38461538462,6.55263157895,-237.78625489,-143.23664856,-72.7392364522,44.1764886488,-2.3432058718,0.0,0.0,-248.97709656,248.76335145,-17.8462289012,35.0,35.0,42.0990185066,-111.579497857,7.32352941176,7.32352941176,168.33587647,-13.93893147,39.489770795,-122.037861941,-6.6830533602,0.0,0.0
-1.99609375,1.9987793,0.2895751964,13.0,12.0,1.01541842308,-1.68560791417,20.75,22.6363636364,-1.77514649,1.24536133,1.147661137,0.2939404308,0.0062744142,0.0,0.0,-1.95117188,0.0,-0.51200586152,5.0,5.0,-0.653417972,-1.374951176,62.25,62.25,-1.08666993,-1.00244141,-1.1359326222,-1.1343896532,-0.2897070322,0.0,0.0,-1.9963379,1.98925782,-0.46287988408,11.0,11.0,1.22538618909,-1.74138849909,24.9,24.9,-1.92651368,-1.62109375,-1.3481054724,-0.75145508,-0.214838868,0.0,0.0,-250.1374054,249.74046326,-9.07645822168,39.0,39.0,93.2793109623,-112.052065338,6.55263157895,6.55263157895,-191.6335907,173.74046326,-12.9236645512,-56.122748414,23.6641218568,0.0,0.0,-249.90840149,248.39694214,-21.281893433,32.0,31.0,78.8788163675,-137.717804696,8.03225806452,8.3,-200.71755982,-157.75572205,-60.2106878678,-26.7673284908,-19.4314508062,0.0,0.0,-249.87786866,247.90840149,-11.7982599926,26.0,25.0,49.6931883931,-119.712977296,9.96,10.375,90.7022934,78.48854828,13.0816785148,-61.2815280156,-10.7914504622,0.0,0.0
-1.99584961,1.98779297,0.53654394684,12.0,12.0,1.52052816167,-1.39011637833,22.6363636364,22.6363636364,1.44653321,1.4572754,1.2993798862,0.7843066426,0.5990332054,0.0,0.0,-1.97998047,0.0,-0.59646582292,4.0,4.0,-0.4316406275,-1.00042725,83.0,83.0,-0.97583008,-1.0756836,-1.2237841848,-1.1292187548,-0.629326175,0.0,0.0,-1.99584961,1.99780274,-0.13375878952,15.0,15.0,1.77843424867,-1.552408858,17.7857142857,17.7857142857,1.67163086,-1.67797852,-0.3888769542,0.1558789066,-0.4357959,0.0,0.0,-249.96946717,249.84733582,-20.4789616704,42.0,42.0,82.8306074614,-108.215921677,6.07317073171,6.07317073171,219.6335907,-215.80152894,-40.2006106574,-29.295266877,-32.8989308176,0.0,0.0,-249.83206177,247.41984559,-8.76024409524,43.0,42.0,79.5355944981,-117.696474805,5.92857142857,6.07317073171,-231.57252503,-192.12213135,-91.2983197044,18.161832428,29.3352668002,0.0,0.0,-249.69465638,249.48091126,-32.6090991258,43.0,42.0,3.91691817744,-154.412575861,5.92857142857,6.07317073171,-247.52671814,-79.72518921,-51.3563352978,-69.08641144,-42.602748891,0.0,0.0
-1.99414063,1.99072266,0.4976923844,10.0,10.0,1.465454105,-1.280322269,27.6666666667,27.6666666667,1.21533204,1.41870118,1.3767919968,0.7448242212,0.366845704,0.0,0.0,-1.94995118,0.0,-0.62953613536,6.0,6.0,-0.584554041667,-1.35489909333,49.8,49.8,-1.2475586,-1.2097168,-1.2117480518,-1.1102392626,-0.8256933624,0.0,0.0,-1.99926758,1.99682618,-0.10075878956,8.0,8.0,1.46356201375,-1.19812012125,35.5714285714,35.5714285714,1.90209961,-1.6159668,-0.1495019542,0.0882666014,-0.442558595,0.0,0.0,-249.67938233,250.06106568,-14.5571299442,46.0,45.0,90.4663127422,-102.271416899,5.53333333333,5.65909090909,198.53434754,-175.4045868,-27.5273281866,-9.7053442384,-35.5529772958,0.0,0.0,-249.75572205,249.46565247,2.31462597664,42.0,42.0,114.64522026,-123.723010111,6.07317073171,6.07317073171,-182.09159852,128.67175293,-12.7670233158,-28.4116027836,52.7517559826,0.0,0.0,-248.45800782,249.92366028,-14.9635418019,38.0,38.0,30.4668547482,-114.688227706,6.72972972973,6.72972972973,-100.77862549,-41.83206177,3.2894655988,-74.673281862,-3.4338927462,0.0,0.0
-1.91577149,1.97827149,0.49077246252,9.0,9.0,1.38566081,-1.24989149667,31.125,31.125,1.45410157,1.45410157,1.345351567,0.7299609398,0.3785498058,0.0,0.0,-1.9729004,0.0,-0.55419238496,6.0,6.0,-0.613850915,-1.45239258,49.8,49.8,-1.07324219,-1.01000977,-1.131352544,-1.215419926,-0.4241894548,0.0,0.0,-1.99951172,1.99487305,-0.16108789108,14.0,14.0,1.36070033929,-1.73104422857,19.1538461538,19.1538461538,-1.95654297,-1.71728516,-0.764677736,0.446430665,-0.4871923844,0.0,0.0,-249.81678772,250.10687256,-5.58687005628,40.0,39.0,73.7885513317,-99.6735174733,6.38461538462,6.55263157895,-216.77862549,-200.85496521,6.9090084844,-14.9596945192,-19.8836642466,0.0,0.0,-250.0,248.1374054,-37.0804276132,34.0,33.0,3.03547399176,-171.729355786,7.54545454545,7.78125,-246.99237061,-198.65649415,-109.202137454,-42.100153199,-34.0998474132,0.0,0.0,-249.35877991,247.92366028,-7.53996917768,30.0,29.0,72.702290599,-110.240062059,8.58620689655,8.89285714286,130.35115052,-42.51908494,6.5432072444,-64.2497711202,20.0067179874,0.0,0.0
-1.99438477,1.97143555,0.25944628976,15.0,15.0,1.24692383267,-1.49936523933,17.7857142857,17.7857142857,0.91381836,1.57617188,0.8813769552,0.3966796888,0.0191748048,0.0,0.0,-1.95947266,0.0,-0.48497168168,4.0,4.0,-0.348144535,-0.9739379925,83.0,83.0,-0.9116211,-1.1616211,-1.1285742236,-1.2314990284,-0.0647851564,0.0,0.0,-1.99853516,1.99682618,-0.27432519592,9.0,8.0,1.05194770333,-1.6465148975,31.125,35.5714285714,-1.90942383,-1.66552735,-0.1700439456,-1.1639355496,-0.0376464844,0.0,0.0,-249.92366028,248.47328187,-20.2458014531,32.0,31.0,30.8463749884,-167.069194181,8.03225806452,8.3,-216.47328187,180.70228577,-48.1377096572,-39.743205872,-13.3480917362,0.0,0.0,-249.86259461,250.01527405,-1.71474806204,34.0,33.0,108.419846369,-109.493406472,7.54545454545,7.78125,62.24427414,-187.90840149,-52.3395423134,32.357557374,11.4082446292,0.0,0.0,-249.25190735,250.07633973,-14.6836642183,30.0,30.0,25.1259540443,-113.296947494,8.58620689655,8.58620689655,-0.00763359,-30.01526642,-34.250076004,-42.7044279488,3.5361828614,0.0,0.0
-1.99536133,1.99609375,0.53406738444,11.0,11.0,1.32901278818,-1.35606800727,24.9,24.9,1.41601563,1.5222168,1.1864013706,0.8129736356,0.670961916,0.0,0.0,-1.96704102,0.0,-0.6024082056,4.0,4.0,-0.5040283225,-1.0371704125,83.0,83.0,-1.15185547,-1.03564454,-1.2091503954,-1.1527246142,-0.6501660184,0.0,0.0,-1.99829102,1.99902344,-0.40850683708,13.0,13.0,1.29963567,-1.74909856308,20.75,20.75,-1.89208985,-1.68286133,-0.7693750018,-0.4572900408,-0.8158691428,0.0,0.0,-249.64884949,250.07633973,-26.6332825018,40.0,39.0,40.8351140985,-150.195733489,6.38461538462,6.55263157895,-205.90840149,-203.2671814,-36.0183210764,-59.1737402358,-37.974351197,0.0,0.0,-249.80152894,248.33587647,-6.94680928052,34.0,33.0,94.3592253312,-107.099235652,7.54545454545,7.78125,-237.6335907,-182.12213135,-92.1242749808,22.0897708142,35.300457764,0.0,0.0,-250.0,249.96946717,-22.7632367939,33.0,33.0,39.3171406961,-161.956050529,7.78125,7.78125,-70.76335907,-20.04580117,10.212824059,-71.065342714,-52.9636653146,0.0,0.0
-1.97094727,1.96069336,0.5497646502,13.0,13.0,1.51049805077,-1.38660607231,20.75,20.75,1.90039063,1.5756836,1.2249414098,0.9322216824,0.5916601588,0.0,0.0,-1.96386719,0.0,-0.63962402588,5.0,5.0,-0.469384768,-1.152490236,62.25,62.25,-0.70629883,-1.11987305,-1.1706884808,-1.3078613332,-0.7195703154,0.0,0.0,-1.99780274,1.99951172,-0.30669921968,10.0,10.0,1.199169923,-1.715234379,27.6666666667,27.6666666667,-1.74609375,-1.74609375,0.5327978524,-1.5455810588,-0.520712892,0.0,0.0,-249.81678772,248.04580689,-18.2106869358,41.0,40.0,94.7577735173,-118.248472979,6.225,6.38461538462,161.7709961,-214.01527405,-44.6369461066,4.2833583076,-50.69984688,0.0,0.0,-249.95419312,249.55725098,-2.16439700324,40.0,40.0,100.13473263,-123.911451342,6.38461538462,6.38461538462,-113.05343628,-206.38168335,-71.1141979998,5.5972508242,54.6949621594,0.0,0.0,-249.95419312,249.1450348,-19.014107201,38.0,37.0,37.2229793461,-137.754486911,6.72972972973,6.91666666667,81.96946717,89.02290345,-65.0039704908,-4.971297913,-25.095267601,0.0,0.0
-1.98583985,1.98608399,0.46008593908,10.0,10.0,1.420141607,-1.290771488,27.6666666667,27.6666666667,1.42504883,1.27929688,1.2487988326,0.7198291038,0.331801759,0.0,0.0,-1.96191407,0.0,-0.5520957056,3.0,3.0,-0.363606773333,-0.742919926667,124.5,124.5,-1.09082032,-1.13110352,-1.1839306692,-1.1819433646,-0.3946044942,0.0,0.0,-1.99902344,1.99291993,-0.31746093844,12.0,12.0,1.5834554075,-1.41711426083,22.6363636364,22.6363636364,1.98095704,1.78564454,0.029912109,-0.9768066436,-0.6404101576,0.0,0.0,-249.78625489,250.07633973,-19.6116641848,35.0,35.0,102.399563601,-121.007197791,7.32352941176,7.32352941176,237.64884949,-198.96183777,-68.2473281868,11.9948086556,-41.8058013928,0.0,0.0,-249.78625489,249.11450196,-14.2879997716,33.0,32.0,76.6338195806,-109.377862456,7.78125,8.03225806452,-219.7709961,-183.49618531,-61.5890076464,-39.6497702034,29.7987789918,0.0,0.0,-249.96946717,247.90840149,-21.0106561132,29.0,29.0,72.7309827476,-129.725190658,8.89285714286,8.89285714286,240.97709656,80.47328187,-18.5018312836,-74.194197543,-12.3572517392,0.0,0.0
-1.99072266,1.9675293,0.38610644652,10.0,10.0,1.405517582,-1.309130864,27.6666666667,27.6666666667,1.14428711,1.33886719,1.1402148476,0.702524416,0.087792969,0.0,0.0,-1.97729493,1.96728516,-0.48913769756,5.0,5.0,-0.05263672,-1.250781254,62.25,62.25,-1.3659668,-1.1447754,-1.196181646,-1.182695318,-0.0668115238,0.0,0.0,-1.99804688,1.9921875,-0.36803613404,10.0,10.0,1.519311526,-1.347192386,27.6666666667,27.6666666667,1.87280274,-1.70141602,-0.8831591826,-0.9966064486,0.039584961,0.0,0.0,-249.86259461,244.03053284,-28.6191148688,36.0,35.0,21.8299397361,-154.002181138,7.11428571429,7.32352941176,-235.03816224,-171.78625489,-45.0506880196,-84.9621382162,-13.0827481084,0.0,0.0,-249.87786866,249.72518921,-24.1352061009,30.0,29.0,79.1643758153,-128.55435615,8.58620689655,8.89285714286,-221.08396912,-183.92366028,-74.3364879624,-59.9065652476,13.5670227054,0.0,0.0,-249.28244019,246.70228577,-9.94424445732,26.0,26.0,35.9312976327,-121.192602893,9.96,9.96,-192.24427796,-34.25954056,33.9651906784,-78.5227487194,-5.1636642456,0.0,0.0
-1.99560547,1.99511719,0.3836894542,13.0,13.0,1.49675105462,-1.42424129,20.75,20.75,1.58496094,1.4897461,1.1942529328,0.3452148448,0.3789794934,0.0,0.0,-1.95483399,0.0,-0.51257153528,2.0,2.0,-0.51855469,-0.51855469,249.0,249.0,-1.03710938,-1.01684571,-1.074698491,-1.1117382856,-0.3764208998,0.0,0.0,-1.99584961,1.98388672,-0.32741796976,11.0,10.0,1.37278054273,-1.649243169,24.9,27.6666666667,-1.90747071,-1.63574219,-0.6222558608,-0.512631838,-0.50220215,0.0,0.0,-249.98472596,248.03053284,-17.2356643225,35.0,34.0,54.252561624,-162.98518215,7.32352941176,7.54545454545,-226.94656373,-67.23664094,-11.4714514164,-57.084885561,-17.6219846352,0.0,0.0,-249.95419312,249.35877991,-6.03890084856,36.0,35.0,85.0016962703,-129.885278104,7.11428571429,7.32352941176,-233.25190735,186.96183777,-13.6964888008,3.9166409306,-20.4146563726,0.0,0.0,-249.23664856,249.28244019,-1.70131281888,27.0,27.0,62.941193603,-108.901894325,9.57692307692,9.57692307692,134.16793824,27.48091698,-11.2690075602,22.8091610718,-20.046717606,0.0,0.0
-1.98730469,1.97070313,0.52412109556,10.0,10.0,1.24384766,-1.31674805,27.6666666667,27.6666666667,1.3190918,1.20776368,1.2890429732,0.8040332058,0.5275292988,0.0,0.0,-1.96191407,0.0,-0.532348635,5.0,5.0,-0.291357424,-1.139062502,62.25,62.25,-0.44506836,-1.09887696,-1.1564599662,-1.100712895,-0.4045703138,0.0,0.0,-1.9987793,1.99926758,-0.25518750092,11.0,11.0,1.73006925182,-1.37555486909,24.9,24.9,1.85742188,-1.4206543,-0.491245119,-0.388271486,-0.3964208996,0.0,0.0,-249.70993042,247.75572205,-2.61810670632,39.0,39.0,72.0025445903,-95.4096687531,6.55263157895,6.55263157895,-238.10687256,149.46565247,-59.4619845598,8.8372525028,37.5341985254,0.0,0.0,-249.2671814,250.12213135,-9.60494653356,39.0,38.0,109.557251956,-130.62997236,6.55263157895,6.72972972973,158.65649415,147.12977601,8.02534317,-32.0381671154,-24.0119087224,0.0,0.0,-249.70993042,249.87786866,-5.67022883596,30.0,30.0,77.0646315267,-113.144528709,8.58620689655,8.58620689655,-88.36640931,-61.31297684,-6.7053432464,-2.0076329042,-19.6381680292,0.0,0.0
-1.99926758,1.97753907,0.43779199384,9.0,9.0,1.40879991778,-1.29334852667,31.125,31.125,1.19604493,1.39868165,1.358745122,0.6948193392,0.135395508,0.0,0.0,-1.95751954,0.0,-0.54500097872,5.0,5.0,-0.629736332,-1.288720706,62.25,62.25,-1.3737793,-1.01220704,-1.1707910202,-1.2221533256,-0.3320605478,0.0,0.0,-1.9975586,1.9975586,-0.272019532,11.0,11.0,1.23339844,-1.72625178,24.9,24.9,-1.99414063,-1.63134766,-0.7500976588,-0.3144970706,-0.2955029306,0.0,0.0,-249.84733582,249.46565247,-24.1411910405,38.0,37.0,39.0136598295,-136.743966595,6.72972972973,6.91666666667,185.55725098,-201.58778382,-50.5896185314,-31.8629016116,-38.2534350594,0.0,0.0,-249.90840149,249.61831666,2.62442755132,37.0,37.0,75.7854342089,-127.918299291,6.91666666667,6.91666666667,198.48855591,149.92366028,-24.6934356694,16.9447332762,20.8708401498,0.0,0.0,-249.32824708,248.67175293,-26.0869005462,26.0,25.0,33.6652969712,-163.968854602,9.96,10.375,-126.06106568,-58.73282624,-9.93679353,-125.251907657,4.754198456,0.0,0.0
-1.97607422,1.99584961,0.29032031364,13.0,12.0,1.41672927154,-1.45143636417,20.75,22.6363636364,0.79028321,1.28466797,1.1106298862,0.0868750014,0.2540966806,0.0,0.0,-1.99169922,0.70654297,-0.50293066608,6.0,6.0,-0.281168621667,-1.265787765,49.8,49.8,-0.88891602,-0.98510743,-1.139135747,-1.0578076218,-0.3177099616,0.0,0.0,-1.99682618,1.99047852,-0.14406543016,14.0,14.0,1.48481096929,-1.68654087929,19.1538461538,19.1538461538,-1.86132813,-1.63232422,-0.5269335954,-0.211240235,0.0178466796,0.0,0.0,-249.28244019,248.04580689,-6.46192380556,41.0,41.0,86.5741953049,-128.185441229,6.225,6.225,-220.61068726,87.08396912,-11.3462597662,-3.7316032796,-17.231755982,0.0,0.0,-249.49618531,245.95419312,-15.9289771122,32.0,32.0,71.0963735584,-121.923186543,8.03225806452,8.03225806452,235.45037842,-131.06869507,-64.3508396928,-18.3370991524,3.043053284,0.0,0.0,-249.96946717,249.75572205,-9.27151147092,30.0,29.0,96.018320372,-99.5698874259,8.58620689655,8.89285714286,-225.31297303,-12.16793919,30.4268713576,-87.0375582906,10.2531295784,0.0,0.0
-1.99584961,1.99511719,0.36771679828,13.0,13.0,1.55211463846,-1.24258188385,20.75,20.75,1.51245118,1.30175782,1.0980712932,0.6066894558,0.1338232424,0.0,0.0,-1.89916993,0.0,-0.4607001974,3.0,3.0,-0.311197916667,-0.71402995,124.5,124.5,-0.93359375,-0.88012696,-1.0334375046,-1.0894043016,-0.1806591808,0.0,0.0,-1.99902344,1.98339844,-0.1421650394,15.0,15.0,1.33336588867,-1.755533858,17.7857142857,17.7857142857,-1.9987793,-1.62890625,-0.418305665,-0.098598633,-0.193920899,0.0,0.0,-248.29006959,248.61068726,-6.78803063972,36.0,36.0,71.8057670611,-105.182357578,7.11428571429,7.11428571429,230.22900391,-206.96183777,-13.13374176,-15.1801518254,-5.6262596132,0.0,0.0,-249.7709961,246.90075684,-17.3778929562,35.0,34.0,65.7230098189,-131.649752647,7.32352941176,7.54545454545,227.96946717,-164.96183777,-66.8259535232,-19.5398472984,-0.5236639594,0.0,0.0,-249.35877991,247.45037842,-20.5705952127,30.0,29.0,45.9432577273,-162.954987989,8.58620689655,8.89285714286,112.94656373,-27.66412163,-6.547328155,-95.1404570026,-1.165190906,0.0,0.0
-1.99291993,1.99462891,0.46170410288,12.0,12.0,1.49926758167,-1.30973307667,22.6363636364,22.6363636364,1.4987793,1.50634766,1.1259960972,0.9125097678,0.2700146494,0.0,0.0,-1.96728516,0.0,-0.57827246348,6.0,6.0,-0.732177738333,-1.48246257,49.8,49.8,-1.20483399,-1.02148438,-1.1845849662,-1.230844732,-0.4759326192,0.0,0.0,-1.99951172,1.99536133,-0.25926367276,13.0,13.0,1.31559871154,-1.73163311769,20.75,20.75,-1.93139649,-1.6994629,-0.9762255886,-0.0802685554,-0.2398242198,0.0,0.0,-249.48091126,249.34350586,3.8908088686,45.0,44.0,84.1238328738,-104.878209723,5.65909090909,5.79069767442,-249.48091126,172.90075684,38.6861068738,20.219235383,-39.4512979138,0.0,0.0,-250.09159852,249.92366028,-16.9526716769,42.0,41.0,103.053435192,-129.612362841,6.07317073171,6.225,211.49618531,91.83206177,-18.4399984744,-73.0097720352,6.686412125,0.0,0.0,-249.75572205,248.1374054,-35.003480446,32.0,31.0,21.2428447012,-142.984485137,8.03225806452,8.3,192.68702698,46.80916214,6.876336594,-179.172212529,-2.7215262944,0.0,0.0
-1.98730469,1.99658204,0.32175879036,12.0,12.0,1.33188883833,-1.42480469083,22.6363636364,22.6363636364,1.38183594,1.09936524,1.0613281288,0.2938525408,0.2536132822,0.0,0.0,-1.95410157,0.0,-0.49073633052,5.0,5.0,-0.462939454,-1.149951174,62.25,62.25,-0.76928711,-0.79077149,-0.9640869192,-1.123061529,-0.3665332044,0.0,0.0,-1.99975586,1.9909668,-0.22486132864,10.0,10.0,1.309863285,-1.673608403,27.6666666667,27.6666666667,-1.97778321,-1.75634766,-0.3451562508,-0.3588671884,-0.420283204,0.0,0.0,-249.57252503,249.78625489,-9.92928259304,39.0,39.0,90.7966328172,-140.587590734,6.55263157895,6.55263157895,-193.28244019,116.01526642,-42.6424432384,19.2503820804,-26.2543518072,0.0,0.0,-248.6412201,249.43511963,-31.8694963692,37.0,36.0,47.1937280611,-153.740034954,6.91666666667,7.11428571429,219.5114441,-165.54199219,-89.13557358,-55.8650381486,-14.3468701172,0.0,0.0,-249.74046326,248.03053284,-35.6760915221,31.0,31.0,37.2235894555,-168.884018194,8.3,8.3,163.35877991,-58.88549805,-34.1163360572,-111.681526033,-32.5825955202,0.0,0.0
-1.97436524,1.96313477,0.40629004088,11.0,11.0,0.927223902727,-1.37930575545,24.9,24.9,1.41650391,1.00268555,1.0166308638,0.915903324,0.0989160166,0.0,0.0,-1.99902344,1.99829102,0.52762304832,9.0,9.0,1.66471354556,-1.27332899778,31.125,31.125,1.83520508,1.54882813,0.811401369,1.3512695352,0.4754443374,0.0,0.0,-1.99902344,1.99682618,-0.52988965016,11.0,11.0,1.35191761636,-1.68809926,24.9,24.9,-1.92651368,-1.77416993,-0.9991113314,-1.3605908248,-0.2897460946,0.0,0.0,-249.55725098,248.45800782,-12.1963052692,37.0,36.0,99.5071181135,-169.961832367,6.91666666667,7.11428571429,-243.81678772,-160.56488038,-10.1404585266,-39.753434457,-11.0876333622,0.0,0.0,-249.31297303,247.43511963,17.7912056628,31.0,31.0,125.361979198,-60.8377247494,8.3,8.3,151.54199219,89.31298066,16.0757240292,62.679083124,10.2012211608,0.0,0.0,-246.65649415,249.64884949,-20.5345952154,32.0,31.0,46.90696621,-114.167938727,8.03225806452,8.3,157.05343628,160.94656373,-42.7047326672,-31.541067811,-28.4271755986,0.0,0.0
-1.90795899,1.91992188,0.38402636876,11.0,11.0,0.870072801818,-1.39499734,24.9,24.9,1.06958008,0.99584961,0.923369144,0.8244043002,0.1723583996,0.0,0.0,-1.98657227,1.9675293,0.6191679704,12.0,12.0,1.67189534917,-1.38435872667,22.6363636364,22.6363636364,1.7541504,1.69433594,1.2357763706,1.4929150432,0.3671484382,0.0,0.0,-1.9975586,1.9987793,-0.46840527492,9.0,9.0,1.26801215556,-1.66099718222,31.125,31.125,-1.88427735,-1.39697266,-0.4576123062,-1.4989355516,-0.3854785168,0.0,0.0,-249.16030884,246.06106568,-5.8557556308,41.0,41.0,74.2424132193,-131.607521711,6.225,6.225,245.64884949,160.53434754,-0.9337409212,-19.4766407784,-8.8683964544,0.0,0.0,-249.45037842,249.93893433,4.86534348456,29.0,28.0,97.7270338007,-116.984186855,8.89285714286,9.22222222222,53.5725174,53.5725174,-36.3752676404,37.5520614638,23.1499235994,0.0,0.0,-249.32824708,248.94656373,-19.9763056644,36.0,35.0,28.77904892,-128.523010257,7.11428571429,7.32352941176,187.20610047,-200.44274903,-57.4290084848,0.2488543702,-42.7013742074,0.0,0.0
