-1.99853516,1.99951172,0.21014550856,19.0,19.0,1.35821854842,-1.54654091632,13.8333333333,13.8333333333,1.3791504,1.58325196,1.0989111364,0.4639306656,-0.3544775398,-0.1576367194,0.0,-1.99340821,1.9572754,-0.6595861846,14.0,14.0,0.28803362,-1.36380441143,19.1538461538,19.1538461538,-1.51000977,-1.17871094,-1.2057568412,-0.9328234906,-0.9693652386,-0.1899853526,0.0,-2.0,1.99291993,0.02821777328,33.0,33.0,1.70681670606,-1.68700432485,7.78125,7.78125,1.9741211,-1.53637696,-0.2629101572,0.1714013672,0.3026757816,-0.0700781252,0.0,-249.09924317,249.78625489,-6.0363359568,48.0,48.0,105.375317877,-155.678434932,5.29787234043,5.29787234043,-178.03053284,-152.56488038,-37.9088552492,-15.3229009666,17.7651908724,5.2848855594,0.0,-249.34350586,247.84733582,-8.96980137576,50.0,49.0,132.488702769,-137.087396663,5.08163265306,5.1875,101.92366791,101.92366791,-16.7044275292,9.2062598844,-39.0109921268,1.6601528928,0.0,-249.34350586,249.2671814,-16.4087326208,49.0,49.0,117.587787007,-169.333540939,5.1875,5.1875,-219.38931275,-227.52671814,-24.155114441,-31.4775572214,-31.30259514,4.8916036986,0.0
-1.99829102,1.98242188,0.11840918024,23.0,23.0,1.46335768087,-1.59899372,11.3181818182,11.3181818182,1.3881836,1.38134766,0.918989261,0.2357763686,-0.1463476566,-0.4163720718,0.0,-1.98168946,1.90283204,-0.73254101896,12.0,12.0,0.145507810833,-1.53944906083,22.6363636364,22.6363636364,-1.06298829,-1.07885743,-1.0962988332,-1.0007666064,-1.205517583,-0.3601220722,0.0,-1.99951172,1.99658204,-0.19134863324,33.0,33.0,1.60390033576,-1.77940045455,7.78125,7.78125,-1.98950196,-1.7265625,-0.2539306644,-0.4567187514,0.1217431646,-0.367836915,0.0,-249.46565247,250.03053284,-0.20409171972,59.0,58.0,114.793764337,-130.803896019,4.29310344828,4.36842105263,-227.41984559,170.59541321,-8.4390835576,-1.5163361314,-7.0073292546,15.942290345,0.0,-247.87786866,249.22137452,5.26360301856,55.0,55.0,122.335044864,-134.096321663,4.61111111111,4.61111111111,-220.870224,156.90075684,11.4946572876,-19.6642755582,26.1859536758,8.3016796876,0.0,-248.77862549,249.67938233,4.26906875596,43.0,42.0,109.564353323,-98.3914940267,5.92857142857,6.07317073171,210.07633973,-166.91603089,25.96,-6.343816376,21.5642745968,-19.835114441,0.0
-1.99023438,1.98559571,0.1746103524,18.0,18.0,1.40311686556,-1.49148220833,14.6470588235,14.6470588235,1.78417969,1.53466797,0.730566409,0.7722998078,-0.6298144548,0.0,0.0,-1.99951172,1.8334961,-0.6320529812,11.0,11.0,0.286904074545,-1.25230824364,24.9,24.9,-0.77270508,-1.12622071,-1.1773388722,-1.1762304736,-0.8066955602,0.0,0.0,-1.99707032,1.9963379,-0.15561425876,26.0,26.0,1.52567232846,-1.73621545,9.96,9.96,-1.99707032,-1.76782227,-0.1493896492,-0.1967431656,-0.431938479,0.0,0.0,-249.38931275,249.95419312,1.51370984064,42.0,41.0,111.028898186,-113.580339014,6.07317073171,6.225,-175.06869507,-175.06869507,-54.0253433236,39.341831681,22.2520608458,0.0,0.0,-249.43511963,247.80152894,0.65029035984,43.0,43.0,136.963074701,-122.399786297,5.92857142857,5.92857142857,214.1374054,-146.97709656,3.9989324114,-34.0525189224,33.3050383102,0.0,0.0,-249.7709961,250.04580689,-14.1960912707,45.0,44.0,67.7228164689,-127.316445613,5.65909090909,5.79069767442,-249.72518921,170.29006959,-29.048243866,-47.176488,5.2442755126,0.0,0.0
-1.99780274,1.9963379,0.1403398442,20.0,19.0,1.471472172,-1.57572214579,13.1052631579,13.8333333333,-1.984375,1.6472168,0.802685549,0.1844580086,-0.2854443366,0.0,0.0,-1.96215821,1.95874024,-0.58002856676,9.0,9.0,0.312852646667,-1.38924154222,31.125,31.125,-0.85620118,-1.02661133,-1.1154589882,-1.181993413,-0.6026904326,0.0,0.0,-1.99829102,1.99975586,-0.25001074316,22.0,22.0,1.70757502136,-1.61864125091,11.8571428571,11.8571428571,1.94921875,-1.85644532,-0.3169335952,-0.143427735,-0.7896923856,0.0,0.0,-250.04580689,249.48091126,1.8071755738,44.0,43.0,116.026197168,-103.751464624,5.79069767442,5.92857142857,227.16030884,187.46565247,-38.459541322,26.2804571846,21.2149620064,0.0,0.0,-249.95419312,249.80152894,-5.1571602494,43.0,42.0,134.003195943,-167.760451025,5.92857142857,6.07317073171,-219.93893433,-172.6412201,-3.9076326836,-32.1569469452,10.2787783818,0.0,0.0,-249.96946717,249.84733582,-6.9879084324,44.0,43.0,104.303608462,-92.7825315628,5.79069767442,5.92857142857,-194.06106568,-183.54199219,-4.5792362986,-54.7407630168,24.3804571534,0.0,0.0
-1.99169922,1.99853516,0.2665856944,31.0,31.0,1.51568800839,-1.39214497613,8.3,8.3,1.08984375,1.16967774,0.8927148476,0.4361572284,0.1009167482,-0.0968603522,0.0,-1.99145508,1.96386719,-0.7166293976,18.0,18.0,0.530812580556,-1.33454047778,14.6470588235,14.6470588235,-0.95361329,-1.34204102,-1.2584033254,-1.0448400922,-0.7728222696,-0.5070813008,0.0,-1.99560547,1.99169922,0.1881064456,29.0,29.0,1.65507981241,-1.53365773586,8.89285714286,8.89285714286,1.8190918,1.69238282,1.1841894562,0.9307763692,-0.552573244,-0.6218603534,0.0,-250.1374054,249.55725098,-16.9576488802,53.0,53.0,101.778626563,-150.623218236,4.78846153846,4.78846153846,224.5038147,-123.25190735,-11.2729772958,-32.7625956718,-32.0134352114,-8.739236222,0.0,-249.75572205,245.96946717,-30.5340458233,62.0,62.0,55.7094315447,-165.59098774,4.08196721311,4.08196721311,-212.74809266,-0.00763359,-25.6694654172,-70.0106872574,-61.0804580262,4.0903815842,0.0,-249.38931275,249.84733582,-1.01371020216,55.0,54.0,75.7575286113,-135.4447267,4.61111111111,4.69811320755,-221.22137452,178.1374054,0.0247329708,-25.3094661952,10.2549612048,9.9612210088,0.0
-1.96679688,1.99438477,0.15270312564,15.0,15.0,1.55364583867,-1.36975911667,17.7857142857,17.7857142857,1.41455079,1.4362793,0.639287112,0.0058740238,0.1183544924,0.0,0.0,-1.98559571,0.0,-0.49779272676,8.0,8.0,-0.372444155,-1.222381595,35.5714285714,35.5714285714,-1.10742188,-1.11010743,-1.1601123098,-1.098304448,-0.230546876,0.0,0.0,-1.99853516,1.9963379,-0.21072070376,23.0,23.0,1.48805834348,-1.67482592087,11.3181818182,11.3181818182,-1.85546875,-1.79492188,-0.297231446,-0.5872949238,-0.169077149,0.0,0.0,-249.84733582,249.83206177,-6.80757294396,40.0,40.0,116.644083398,-148.931681445,6.38461538462,6.38461538462,-230.32061768,-196.59541321,-17.5505350112,-19.9267184414,3.4393887328,0.0,0.0,-248.65649415,249.86259461,-8.65526710528,39.0,38.0,99.2221578959,-151.308959562,6.55263157895,6.72972972973,-229.87786866,-144.71755982,-8.1245796968,-31.2906867988,-3.8610690308,0.0,0.0,-249.69465638,245.34350586,-13.7401528168,33.0,32.0,73.3189905361,-161.028148654,7.78125,8.03225806452,203.0076294,179.22137452,-3.3206112662,-68.6516033184,3.2714505006,0.0,0.0
-1.99829102,1.99902344,0.25025879004,14.0,14.0,1.55168806286,-1.39008440643,19.1538461538,19.1538461538,1.74780274,1.34277344,0.7197656276,0.3897509784,0.1417773442,0.0,0.0,-1.99829102,1.86401368,-0.68281006144,14.0,14.0,-0.309487482143,-1.53717913286,19.1538461538,19.1538461538,-0.68994141,-1.10302735,-1.1257324262,-1.252148443,-1.036169438,0.0,0.0,-1.99462891,1.9921875,-0.0480263674,26.0,26.0,1.63606145231,-1.59621958,9.96,9.96,1.9494629,-1.85961915,-0.159931641,0.3136865242,-0.3938867202,0.0,0.0,-248.73281861,246.53434754,1.94409150572,46.0,45.0,110.603550698,-120.185920548,5.53333333333,5.65909090909,-237.72518921,197.7709961,23.5288551328,-39.43068734,25.6222897358,0.0,0.0,-249.80152894,249.6335907,-29.3945036312,49.0,49.0,95.8012154894,-146.688891706,5.1875,5.1875,210.94656373,-176.10687256,-73.4500758376,-84.7996947452,11.2772524266,0.0,0.0,-249.93893433,248.80915833,-14.5163357015,40.0,39.0,92.469847681,-108.878448488,6.38461538462,6.55263157895,179.98472596,-116.36640931,-8.5141978458,13.5083973312,-77.575877993,0.0,0.0
-1.99731446,1.99365235,0.18175878968,17.0,17.0,1.54515165824,-1.45747645059,15.5625,15.5625,1.49438477,1.49438477,0.8863916046,0.0666503908,-0.044248047,0.0,0.0,-1.99487305,1.7553711,-0.54141113504,9.0,9.0,-0.163655601111,-1.38001845,31.125,31.125,-1.12207032,-1.12207032,-1.0863232468,-1.2018310594,-0.418901369,0.0,0.0,-1.9963379,1.99072266,0.03877441408,16.0,16.0,1.36915588625,-1.718475345,16.6,16.6,-1.7890625,-1.28491211,0.4278076182,0.3760498058,-0.6099853536,0.0,0.0,-250.1374054,250.09159852,-9.21697705096,38.0,38.0,120.9714745,-166.877058535,6.72972972973,6.72972972973,-194.25953675,-89.72518921,-44.5761830146,-34.596641084,33.0879388438,0.0,0.0,-249.86259461,248.45800782,-0.94971013052,42.0,41.0,123.9232997,-106.197728788,6.07317073171,6.225,180.39694214,187.87786866,26.132670357,-30.3694656378,-0.5117553718,0.0,0.0,-249.64884949,249.5114441,0.2689464722,37.0,37.0,123.618321189,-113.775943861,6.91666666667,6.91666666667,237.41984559,-203.06869507,-33.5868696606,23.1145033274,11.8170986942,0.0,0.0
-1.9987793,1.94506836,0.07465820336,16.0,15.0,1.2209014925,-1.55203450933,16.6,17.7857142857,-1.76708985,1.52246094,0.53263672,0.229951173,-0.3892968762,0.0,0.0,-1.99023438,1.8203125,-0.52030810764,11.0,11.0,-0.0150812363636,-1.55053711364,24.9,24.9,-1.55615235,-1.13232422,-1.117792973,-1.182219243,-0.3015283222,0.0,0.0,-1.99780274,1.99121094,-0.19700488344,17.0,17.0,1.38623047235,-1.72364717824,15.5625,15.5625,-1.76660157,1.25146485,-0.5517773452,0.0474658198,-0.4807128918,0.0,0.0,-249.08396912,242.1374054,-7.63346564036,38.0,37.0,93.4985932618,-149.270889337,6.72972972973,6.91666666667,-242.2748108,-179.45037842,-55.4919086464,9.613129715,7.7114507296,0.0,0.0,-249.08396912,249.54199219,-0.42595426468,42.0,41.0,112.825699845,-105.91696209,6.07317073171,6.225,139.75572205,108.85496521,-7.5343520884,-32.929770508,38.334351273,0.0,0.0,-249.7709961,249.6335907,-15.5616487736,34.0,33.0,77.311630475,-165.454083417,7.54545454545,7.78125,-242.97709656,140.59541321,-29.0659543618,-24.9978623206,-23.7444271856,0.0,0.0
-1.99267579,1.9584961,0.13809765672,28.0,27.0,1.34363665286,-1.64498336667,9.22222222222,9.57692307692,-1.99145508,1.43945313,0.7567968784,0.2531542972,-0.319462892,0.0,0.0,-1.99023438,1.92431641,-0.56126318616,14.0,14.0,0.248408725,-1.41421945214,19.1538461538,19.1538461538,-1.28295899,-0.95214844,-1.1127636768,-0.843889164,-0.84966309,0.0,0.0,-1.99902344,1.99731446,-0.1242324222,26.0,25.0,1.54168232077,-1.7289160196,9.96,10.375,-1.67651368,1.80786133,0.7828710956,-0.3833007822,-1.0207324244,0.0,0.0,-249.89312745,249.31297303,10.2404275226,46.0,46.0,119.405077788,-94.9877194963,5.53333333333,5.53333333333,187.32824708,193.28244019,40.3190837872,8.581068963,2.3019848628,0.0,0.0,-249.87786866,249.98472596,-3.77789337248,43.0,42.0,137.752173849,-131.35368965,5.92857142857,6.07317073171,-237.67938233,-209.3740387,-62.7682445158,24.7746567114,19.104120942,0.0,0.0,-250.09159852,249.29771424,-2.89648844168,37.0,36.0,125.168557762,-141.538592024,6.91666666667,7.11428571429,-151.66412354,-27.20610619,32.34106823,-25.9212207046,-20.9022897338,0.0,0.0
-1.98535157,1.98828125,0.16231933668,18.0,18.0,1.43107096833,-1.53210449611,14.6470588235,14.6470588235,1.31420899,1.31420899,0.9836425812,0.2732421894,-0.4452880872,0.0,0.0,-1.96215821,1.68530274,-0.55888867432,6.0,6.0,-0.0666503933333,-1.04532877833,49.8,49.8,-0.95043946,-1.02661133,-1.1177636776,-1.120371098,-0.556308596,0.0,0.0,-1.99902344,1.9921875,0.14485351592,18.0,18.0,1.63484700944,-1.49858941333,14.6470588235,14.6470588235,1.93481446,1.72778321,0.7258007826,-0.118339844,0.116806641,0.0,0.0,-244.38168335,247.69465638,-6.10247349552,47.0,47.0,110.332954084,-138.987818781,5.41304347826,5.41304347826,182.53434754,174.39694214,-4.396947327,-22.665038223,-3.4503819276,0.0,0.0,-248.82443238,247.1450348,-12.8936791271,43.0,43.0,92.2488902798,-157.157109375,5.92857142857,5.92857142857,-237.58778382,-149.61831666,-35.6561827292,-26.9569460302,-1.8552668762,0.0,0.0,-249.12977601,248.56488038,12.0216183474,37.0,36.0,128.418403267,-83.5737920353,6.91666666667,7.11428571429,-136.62596131,-9.26717568,27.4372515876,-20.0906869508,52.7615271002,0.0,0.0
-1.99829102,1.99926758,0.07287011744,24.0,24.0,1.478983565,-1.44186401792,10.8260869565,10.8260869565,1.44677735,1.75219727,0.8921435572,-0.074301758,-0.453491212,0.0,0.0,-1.99658204,1.97875977,-0.540662844,12.0,12.0,0.0226287816667,-1.43524170417,22.6363636364,22.6363636364,-1.00170899,-1.1225586,-1.1665588426,-1.0791272018,-0.4576281756,0.0,0.0,-1.99926758,1.98413086,-0.13665136752,25.0,24.0,1.5211328164,-1.76904297375,10.375,10.8260869565,-1.99536133,1.22485352,0.468056642,-0.5884960946,-0.562817385,0.0,0.0,-249.69465638,249.58778382,-2.28091602368,39.0,39.0,135.619495296,-118.375416052,6.55263157895,6.55263157895,234.88549805,-86.79389191,-13.9309921674,-4.1945039362,6.7209159852,0.0,0.0,-249.81678772,247.72518921,0.47059561928,43.0,43.0,132.699449675,-148.364281191,5.92857142857,5.92857142857,234.19847107,-107.66412354,-6.4974049382,1.5548102192,7.2955728154,0.0,0.0,-250.01527405,249.17556763,-1.8941679842,37.0,37.0,134.108933528,-104.202599502,6.91666666667,6.91666666667,-155.20610047,-155.20610047,25.6589315802,-35.6308402268,0.5010687256,0.0,0.0
-1.99902344,1.96997071,0.09620605504,18.0,18.0,1.42597114167,-1.53982205389,14.6470588235,14.6470588235,1.53100586,1.53100586,1.1321582062,-0.1830322268,-0.4680957042,0.0,0.0,-1.98632813,1.95507813,-0.58181543196,9.0,9.0,0.0237901466667,-1.25564236667,31.125,31.125,-1.37329102,-1.03710938,-1.1556298878,-1.2405371138,-0.5129101582,0.0,0.0,-1.99804688,1.99951172,-0.09554980512,19.0,19.0,1.63028115105,-1.52627724526,13.8333333333,13.8333333333,1.9272461,1.89404297,0.570610353,-0.5127099628,-0.5356494158,0.0,0.0,-250.07633973,248.74809266,-7.5403968506,41.0,41.0,106.542915347,-120.046173284,6.225,6.225,-196.99237061,-196.99237061,-42.7993885814,-0.8424427788,5.9398471072,0.0,0.0,-249.95419312,248.99237061,2.08280926924,41.0,40.0,137.51815331,-141.124426821,6.225,6.38461538462,197.95419312,176.77862549,-5.2201525878,-24.2854957384,39.9196946724,0.0,0.0,-247.90840149,249.17556763,-4.79279399132,29.0,29.0,132.082127278,-142.330086941,8.89285714286,8.89285714286,-214.70228577,-173.4045868,20.466870423,-54.4323668692,10.0015264896,0.0,0.0
-1.98779297,1.9909668,0.20093066472,17.0,17.0,1.51734835,-1.36050953882,15.5625,15.5625,1.82470704,1.42431641,0.54813965,0.4347363296,0.021777344,0.0,0.0,-1.95898438,1.97631836,-0.5666992212,11.0,11.0,0.127108485455,-1.35595703545,24.9,24.9,-1.07104493,-1.14184571,-1.1586377,-1.1253173876,-0.5495410184,0.0,0.0,-1.99511719,1.99829102,-0.17901660232,19.0,19.0,1.59860711684,-1.52859015632,13.8333333333,13.8333333333,1.93481446,1.61083985,0.3096875002,-0.8675488308,-0.337221681,0.0,0.0,-248.38168335,249.78625489,-14.175236574,38.0,37.0,74.9981923271,-169.367031204,6.72972972973,6.91666666667,-194.59541321,41.77099228,-17.0195414732,-28.7238165364,-25.1328248602,0.0,0.0,-249.74046326,243.58778382,-6.26876343092,43.0,42.0,96.5240552877,-123.650673188,5.92857142857,6.07317073171,206.19847107,-36.88549805,5.9836635514,-35.7239688118,-1.6035118942,0.0,0.0,-250.0,247.75572205,-15.1273890689,37.0,37.0,95.0018567286,-109.993809986,6.91666666667,6.91666666667,232.24427796,210.41221619,-21.6540455638,-37.867479859,-16.1154199216,0.0,0.0
-1.99462891,1.99707032,0.05683300828,16.0,16.0,1.43315125,-1.25071716563,16.6,16.6,1.21289063,1.36621094,0.5364257828,0.0487207046,-0.300981446,0.0,0.0,-1.97583008,1.99316407,-0.50179223836,10.0,9.0,0.252142332,-1.19216580111,27.6666666667,31.125,-1.60498047,-1.08129883,-1.0745068404,-1.1073693892,-0.3270849622,0.0,0.0,-1.9975586,1.99829102,-0.18042089896,18.0,18.0,1.39758301111,-1.77271864556,14.6470588235,14.6470588235,-1.4963379,-1.4963379,-0.142207032,-0.3730371102,-0.3868603526,0.0,0.0,-249.19084168,249.75572205,-17.934228882,43.0,42.0,59.8164389872,-172.822973527,5.92857142857,6.07317073171,-245.92366028,-192.48855591,-78.0174040234,-37.3746568298,25.7209164434,0.0,0.0,-248.2748108,248.36640931,9.55453428904,40.0,39.0,151.49064855,-106.588764952,6.38461538462,6.55263157895,199.06869507,-120.30534363,-9.806717682,19.2520606352,38.327328492,0.0,0.0,-249.95419312,250.09159852,-17.0917865832,33.0,32.0,68.1147344194,-145.589218916,7.78125,8.03225806452,-222.33587647,102.54962159,-28.6732827006,-19.2589323802,-37.5267178352,0.0,0.0
-1.9987793,1.99145508,0.37411035276,18.0,18.0,1.51509603278,-1.52959527333,14.6470588235,14.6470588235,1.20434571,1.43261719,1.2771728554,0.4890527364,0.104326172,0.0,0.0,-1.9584961,1.99072266,-0.57938257068,13.0,13.0,0.0307758023077,-1.48514498615,20.75,20.75,-1.14160157,-1.12280274,-1.1901220758,-1.0636206094,-0.6431701682,0.0,0.0,-1.99560547,1.9921875,-0.16821191492,21.0,21.0,1.68923224,-1.48030599381,12.45,12.45,1.8647461,1.68676758,0.2912402342,-0.372309572,-0.7599902368,0.0,0.0,-249.86259461,250.01527405,-5.3369769642,45.0,44.0,106.687532949,-153.775155851,5.65909090909,5.79069767442,-224.30534363,-120.09160615,-40.808243676,-6.7123657856,20.8357246406,0.0,0.0,-250.0,241.72518921,0.0604885374,46.0,45.0,118.862429365,-143.616963251,5.53333333333,5.65909090909,171.1450348,165.32824708,12.775419915,-6.4064118668,-6.0665653612,0.0,0.0,-249.25190735,248.83969117,13.7427783284,38.0,38.0,158.369625798,-84.4286862932,6.72972972973,6.72972972973,-75.37404633,-160.51908875,-2.294657287,-1.7789319996,72.7874809284,0.0,0.0
-1.99682618,1.96850586,0.05690820348,23.0,23.0,1.49034052783,-1.5040760913,11.3181818182,11.3181818182,1.30151368,1.56347657,0.6723046896,-0.2482958988,-0.1394677734,0.0,0.0,-1.99926758,1.94335938,-0.5356877462,11.0,11.0,0.0726207372727,-1.61201616182,24.9,24.9,-1.25268555,-1.22119141,-1.192270512,-1.0201965378,-0.4659716812,0.0,0.0,-1.9963379,1.99926758,-0.30059961012,19.0,19.0,1.43003444053,-1.79525596737,13.8333333333,13.8333333333,-1.98583985,-1.86621094,-0.005483398,-0.988295901,-0.5092187516,0.0,0.0,-249.87786866,250.03053284,-8.87749627612,38.0,37.0,125.463439131,-167.834949858,6.72972972973,6.91666666667,-238.76335145,-215.55725098,-66.735877324,4.9471746296,17.4012213138,0.0,0.0,-249.95419312,246.88549805,-1.50296154588,39.0,38.0,117.761597183,-121.553234404,6.55263157895,6.72972972973,166.42747498,166.42747498,-7.687632447,-30.0525193688,30.2253440864,0.0,0.0,-250.04580689,248.07633973,6.07462579356,40.0,40.0,133.827098658,-117.22061024,6.38461538462,6.38461538462,-173.60305787,158.59541321,22.247023316,-1.308092041,9.4341976928,0.0,0.0
-1.97753907,1.9921875,0.27896093848,18.0,18.0,1.573215065,-1.50016276389,14.6470588235,14.6470588235,1.20776368,1.38305665,1.0038183628,0.656787112,-0.2658007824,0.0,0.0,-1.97314454,1.8972168,-0.56196972888,9.0,9.0,-0.139451771111,-1.41042752222,31.125,31.125,-1.94506836,-1.15698243,-1.2065588426,-1.072819829,-0.5304699728,0.0,0.0,-1.9987793,1.99243165,-0.12103320348,18.0,18.0,1.58417426611,-1.45267741333,14.6470588235,14.6470588235,1.9206543,-1.72509766,-0.143989258,0.0261572266,-0.487333986,0.0,0.0,-249.0076294,246.15266419,-1.32125189644,39.0,39.0,114.41632412,-112.71794872,6.55263157895,6.55263157895,183.12977601,183.12977601,1.586260223,-0.7329776216,-7.4595420836,0.0,0.0,-249.95419312,249.28244019,0.02277842708,46.0,45.0,110.392631616,-125.469720123,5.53333333333,5.65909090909,224.06106568,199.67938233,46.1117554484,-55.7221379102,9.7242745972,0.0,0.0,-248.70228577,249.5114441,3.32061059604,41.0,41.0,129.621299375,-96.9651835388,6.225,6.225,-62.12213898,-62.12213898,24.0977098094,-2.50351242,-4.9911444092,0.0,0.0
-1.99145508,1.99487305,0.09475585976,17.0,17.0,1.40270278529,-1.36560777,15.5625,15.5625,1.34106446,1.5522461,0.7203710964,-0.0160644532,-0.2305273444,0.0,0.0,-1.95214844,1.98339844,-0.39751367368,13.0,13.0,0.606877254615,-1.29912861,20.75,20.75,-1.2019043,-1.15795899,-0.8075109904,-0.8532702676,-0.3267871104,0.0,0.0,-1.99487305,1.99584961,-0.16460058648,21.0,21.0,1.6291038919,-1.55025809524,12.45,12.45,1.99023438,1.7578125,-0.140820313,-0.3385595716,-0.3436230478,0.0,0.0,-249.72518921,249.80152894,8.13792358352,43.0,43.0,143.010651561,-108.170068987,5.92857142857,5.92857142857,230.54962159,-180.35115052,-16.3109920962,18.7123662994,38.2882437144,0.0,0.0,-249.29771424,247.32824708,-7.73624442316,38.0,38.0,83.6500590489,-164.437524699,6.72972972973,6.72972972973,-202.97709656,-146.76335145,-22.5398476418,18.0064119348,-34.1477864088,0.0,0.0,-249.93893433,250.07633973,-11.9460762274,42.0,41.0,78.451835906,-146.842673607,6.07317073171,6.225,201.05343628,92.16793824,-11.0751141076,-2.445191345,-46.2100756846,0.0,0.0
-1.99536133,1.9909668,0.3208330088,17.0,16.0,1.32439108824,-1.46916199062,15.5625,16.6,-1.81103516,1.6616211,1.1785449258,0.413642579,0.0119775392,0.0,0.0,-1.97094727,1.97875977,-0.45392187712,12.0,12.0,0.596857705833,-1.22839355917,22.6363636364,22.6363636364,-1.01171875,-1.13549805,-1.0210351606,-0.8430944866,-0.4054797384,0.0,0.0,-1.9975586,1.97460938,0.11282324244,24.0,23.0,1.52607218833,-1.74746306478,10.8260869565,11.3181818182,-1.49462891,-1.77416993,0.5628320324,0.286513673,-0.2852294932,0.0,0.0,-249.80152894,249.92366028,-2.36583198608,47.0,47.0,107.615234005,-152.88159807,5.41304347826,5.41304347826,-198.59541321,-180.77862549,-45.3404587944,16.1561837928,17.3551150712,0.0,0.0,-249.90840149,249.81678772,-14.5910839617,42.0,41.0,109.449291277,-143.276485632,6.07317073171,6.225,-242.71755982,-214.29006959,-46.2241212476,-17.9905347822,-8.7407637788,0.0,0.0,-249.03816224,249.46565247,8.75883944732,35.0,35.0,126.614176072,-94.7145043523,7.32352941176,7.32352941176,110.10687256,191.92366028,37.3080908972,22.151144639,-15.6650382996,0.0,0.0
-1.97314454,1.99438477,0.27897558672,21.0,21.0,1.56562732952,-1.57932245619,12.45,12.45,0.60913086,1.42553711,1.1070214878,0.4399121102,-0.1520556644,0.0,0.0,-1.99462891,1.98681641,-0.55988305912,11.0,11.0,0.317360616364,-1.47329989727,24.9,24.9,-0.78442383,-1.00341797,-1.0919384814,-0.9451477096,-0.7623291046,0.0,0.0,-2.0,1.99340821,-0.01177148452,22.0,22.0,1.55554199636,-1.55737305091,11.8571428571,11.8571428571,1.7097168,1.80004883,0.6185400406,-0.1574169932,-0.51998047,0.0,0.0,-250.1374054,247.2671814,-10.6759997454,40.0,40.0,126.314312881,-142.616792968,6.38461538462,6.38461538462,244.90075684,-171.1450348,-44.5309922804,-33.2914502948,24.4424438484,0.0,0.0,-247.89312745,249.7709961,-1.40149637336,43.0,42.0,133.277472123,-138.850600381,5.92857142857,6.07317073171,64.94656373,64.94656373,-5.9625952982,-47.3117563826,46.266869814,0.0,0.0,-248.90075684,249.58778382,-2.48406094508,43.0,42.0,84.7819991158,-115.623409433,5.92857142857,6.07317073171,-13.20610714,15.90839673,35.3821378262,-2.9361837008,-44.8662588508,0.0,0.0
-1.99682618,1.99316407,0.08533984408,20.0,19.0,1.163269047,-1.42526727474,13.1052631579,13.8333333333,-1.73510743,1.42773438,0.9350830106,0.295522462,-0.8039062522,0.0,0.0,-1.98950196,1.97729493,-0.58205078396,15.0,15.0,0.259627277333,-1.390055344,17.7857142857,17.7857142857,-0.91455079,-1.02978516,-1.0425488328,-1.0505151416,-0.8171899454,0.0,0.0,-1.99243165,1.99853516,0.08181250032,24.0,23.0,1.48605347083,-1.74647588696,10.8260869565,11.3181818182,-1.6159668,1.80786133,0.5055517588,-0.0483105466,-0.0481787106,0.0,0.0,-249.84733582,247.19084168,-1.06167921352,49.0,49.0,103.153139218,-106.985510867,5.1875,5.1875,241.93893433,185.87786866,-51.0076333626,-20.159541558,65.858778853,0.0,0.0,-249.93893433,248.06106568,-23.895969728,49.0,49.0,56.4865237582,-170.571428652,5.1875,5.1875,215.41984559,-221.17556763,-73.3497722714,-16.7786267842,-29.3514495846,0.0,0.0,-249.93893433,247.7709961,-6.93960295104,39.0,39.0,127.159131077,-138.138578857,6.55263157895,6.55263157895,-64.09160615,-123.37404633,6.379846879,-63.3853428662,22.307481232,0.0,0.0
-1.99658204,1.99487305,0.4752871108,23.0,23.0,1.55266007478,-1.39965820696,11.3181818182,11.3181818182,0.74560547,1.34326172,1.156865238,0.6880615254,0.8238330104,-0.2923242198,0.0,-1.99731446,1.99340821,-0.66058789356,17.0,17.0,0.566944794706,-1.44794060706,15.5625,15.5625,-1.98486329,-1.16650391,-1.1424816944,-0.5743615752,-1.1968969782,-0.38919922,0.0,-1.99194336,1.99560547,-0.48634961112,26.0,26.0,1.65447528923,-1.52185998,9.96,9.96,1.92407227,-1.81054688,-0.6694091822,-0.487436525,-0.7510742212,-0.5238281272,0.0,-249.96946717,249.80152894,-11.8523361508,52.0,51.0,107.108778421,-125.618022322,4.88235294118,4.98,-236.71755982,119.52671814,-28.239389344,-14.8166418108,-4.8493135388,-11.3563360602,0.0,-247.72518921,247.46565247,-18.8027483119,57.0,56.0,60.9272794905,-144.02399186,4.44642857143,4.52727272727,-222.0,-102.73282624,-15.646717835,-12.3990847776,-70.5835114564,4.6155725096,0.0,-249.92366028,248.6412201,10.6162439885,52.0,52.0,112.586904675,-100.472401987,4.88235294118,4.88235294118,216.48855591,58.53435135,-2.8766410064,49.2360292068,-9.0424428554,15.7642745976,0.0
-1.9897461,1.99731446,0.3347841806,23.0,23.0,1.55279806826,-1.35563859087,11.3181818182,11.3181818182,1.2709961,1.66235352,1.1733496126,0.3349462904,0.165625,0.0,0.0,-1.96728516,1.99365235,-0.65518847924,16.0,16.0,0.09738921875,-1.5157012975,16.6,16.6,-0.90966797,-1.20898438,-1.3151379438,-0.9638122604,-0.996992192,0.0,0.0,-1.99316407,1.98754883,-0.42586621208,19.0,19.0,1.34805458842,-1.66670950263,13.8333333333,13.8333333333,-1.95678711,-1.7956543,-0.5907373056,-0.2208398448,-1.31775391,0.0,0.0,-249.29771424,245.70993042,-11.7999693338,47.0,47.0,89.7841489038,-120.527691791,5.41304347826,5.41304347826,229.69465638,-201.0076294,-54.1514492052,-39.0600005726,34.2116031088,0.0,0.0,-249.46565247,246.80915833,-5.66656511244,47.0,47.0,121.184991539,-159.416274075,5.41304347826,5.41304347826,-155.2671814,-174.38168335,-10.8325193102,-34.759847211,17.259540959,0.0,0.0,-249.72518921,248.70228577,13.7102897958,49.0,48.0,99.9439156222,-85.3765906085,5.1875,5.29787234043,225.25190735,184.77862549,22.197251511,27.9181675754,18.4360298924,0.0,0.0
-1.98803711,1.93847657,0.40248925944,11.0,11.0,1.18048650909,-1.14439808455,24.9,24.9,1.03833008,1.32641602,1.1635888712,0.565571292,0.283286134,0.0,0.0,-1.99365235,1.98559571,0.3641503916,24.0,24.0,1.6578572625,-1.61997477625,10.8260869565,10.8260869565,1.85913086,1.48291016,0.9095117208,0.1175634768,0.7936767604,0.0,0.0,-1.99194336,1.95678711,-0.69673266848,12.0,12.0,0.8954467775,-1.4662272175,22.6363636364,22.6363636364,-1.62646485,-1.54785157,-1.3770410202,-1.2441601606,-0.8624621616,0.0,0.0,-249.89312745,249.4045868,4.19548070996,46.0,46.0,141.71457028,-124.820777688,5.53333333333,5.53333333333,238.36640931,210.93130494,-15.2583208852,27.4370989924,8.7986254426,0.0,0.0,-249.52671814,249.7709961,-11.226137585,43.0,42.0,81.6279060688,-137.380588897,5.92857142857,6.07317073171,192.68702698,-173.38931275,-49.9783218398,-2.037862568,-4.114503517,0.0,0.0,-250.12213135,249.69465638,-2.07438188936,44.0,43.0,92.6131166564,-120.570567288,5.79069767442,5.92857142857,-240.97709656,-217.84733582,-99.2293130514,55.2317551052,33.6256484994,0.0,0.0
-1.95898438,1.94824219,0.40525683744,19.0,18.0,1.02562191947,-1.70696343722,13.8333333333,14.6470588235,-1.95898438,1.13403321,0.6603271514,0.5285156272,0.723149416,0.1142919926,0.0,-1.99340821,1.99243165,0.34122851692,20.0,20.0,1.6612793005,-1.5528442415,13.1052631579,13.1052631579,1.55957032,1.63891602,0.3926025402,0.3073730484,0.8809423862,0.1252246098,0.0,-1.98828125,1.98144532,-0.87211230736,6.0,6.0,0.69413249,-1.284790045,49.8,49.8,-1.38452149,-1.57104493,-1.4952783246,-1.254951175,-1.501132818,-0.1091992192,0.0,-249.84733582,249.66412354,-7.27590854172,54.0,54.0,110.487418411,-129.242578509,4.69811320755,4.69811320755,169.02290345,156.54962159,-1.9071754454,-14.2082447202,-2.6931298058,-17.5709927372,0.0,-250.10687256,249.83206177,-17.7142598269,44.0,44.0,69.0399029484,-142.975365468,5.79069767442,5.79069767442,76.48854828,91.55725098,-57.7083976758,17.9920616158,-58.9795431528,10.1245800784,0.0,-248.35115052,249.54199219,0.2463510894,44.0,44.0,89.788687968,-110.844900307,5.79069767442,5.79069767442,127.93893433,135.90840149,-22.8222904978,2.4351146696,39.9664120496,-18.3474807744,0.0
-1.98339844,1.96801758,0.45739355664,14.0,14.0,1.21289062929,-1.43650600143,19.1538461538,19.1538461538,1.4807129,1.05786133,1.114516606,0.3066894552,0.472680666,0.393081056,0.0,-1.98828125,1.99902344,0.50871386852,31.0,31.0,1.71015782968,-1.64053837419,8.3,8.3,1.61767579,1.79589844,1.0698632842,0.0750830078,0.9993847686,0.399238282,0.0,-1.99438477,1.99609375,-0.83431543272,13.0,13.0,0.755803035385,-1.51962515615,20.75,20.75,-1.37280274,-1.65087891,-1.5507128958,-0.8215429724,-1.3479834032,-0.4513378922,0.0,-249.67938233,250.01527405,-12.5622588762,60.0,59.0,111.531043742,-168.728165388,4.22033898305,4.29310344828,-227.54199219,-181.43511963,-36.88778592,0.0406117248,-25.5448844984,-0.4192356872,0.0,-249.81678772,249.98472596,-30.8805494969,47.0,46.0,58.687997194,-182.908064182,5.41304347826,5.53333333333,-241.6335907,-0.64122135,-67.8429007302,-33.7990829376,-22.0480923072,-30.7126715096,0.0,-249.6335907,250.07633973,-3.74412231424,45.0,44.0,76.746055774,-130.259195503,5.65909090909,5.79069767442,-243.86259461,-139.3740387,-84.9639701856,17.6476333628,25.031756135,23.5639691166,0.0
-1.89990235,1.91723633,0.35763672024,14.0,14.0,0.956281392857,-1.34620884714,19.1538461538,19.1538461538,0.52685547,1.25561524,1.1502880904,0.3198681658,0.318027345,0.0,0.0,-1.99609375,1.99194336,0.5011982434,23.0,23.0,1.72049083261,-1.41691788783,11.3181818182,11.3181818182,1.77905274,1.74804688,0.8615087912,0.6389209002,1.0055615256,0.0,0.0,-1.99414063,1.97753907,-0.78387988544,9.0,9.0,0.304253471111,-1.45765516778,31.125,31.125,-1.97192383,-1.50610352,-1.4975781298,-1.3737988324,-1.048022465,0.0,0.0,-248.80915833,247.03816224,-12.200488605,51.0,50.0,98.5725182122,-159.636640476,4.98,5.08163265306,-191.28244019,-182.88549805,-15.9810686494,-56.1496179366,11.1282435612,0.0,0.0,-249.3740387,248.77862549,-2.5550230498,42.0,42.0,93.6145029448,-111.580515909,6.07317073171,6.07317073171,-113.75572205,90.10687256,-55.8595433052,0.0596944736,43.0247335826,0.0,0.0,-249.80152894,249.69465638,5.19334371972,42.0,42.0,114.251908441,-120.278080352,6.07317073171,6.07317073171,241.22137452,192.32061768,-34.2198474134,39.7410691848,20.4454968272,0.0,0.0
-1.97875977,1.96289063,0.42132324404,12.0,12.0,1.08007812917,-1.21244303583,22.6363636364,22.6363636364,1.6147461,1.14233399,1.0262158248,0.682124027,0.3982763684,0.0,0.0,-1.99438477,1.99780274,0.38021289164,23.0,22.0,1.55812670174,-1.71507679818,11.3181818182,11.8571428571,-1.78222657,1.77709961,0.8660595724,0.2106152354,0.8243896504,0.0,0.0,-1.99072266,1.95629883,-0.69036133048,8.0,8.0,0.5574951175,-1.48928833375,35.5714285714,35.5714285714,-1.71704102,-1.50610352,-1.42872559,-1.1971337932,-0.8259472692,0.0,0.0,-249.57252503,248.94656373,4.89245802016,51.0,50.0,134.069450681,-102.34641263,4.98,5.08163265306,160.99237061,190.04580689,53.1763368548,-24.5949624336,-4.1190843204,0.0,0.0,-250.07633973,249.58778382,-20.2970076386,37.0,37.0,73.6387464076,-147.188364186,6.91666666667,6.91666666667,206.48855591,-169.45037842,-77.2366409304,-35.0941991124,10.8458018496,0.0,0.0,-248.74809266,249.02290345,8.03767935216,42.0,42.0,99.2606324712,-98.4521994826,6.07317073171,6.07317073171,222.2748108,-177.19084168,-74.19175583,36.856183168,77.5239694228,0.0,0.0
